{
  "model_id": "model_20251204_220809",
  "dataset_id": "dataset_20251204_220442",
  "architecture": {
    "hidden_dims": [
      32,
      16
    ],
    "dropout": 0.0,
    "activation": "relu"
  },
  "training_params": {
    "learning_rate": 0.001,
    "batch_size": 32,
    "epochs": 10,
    "early_stopping_patience": 5
  },
  "split_ratios": [
    0.7,
    0.15,
    0.15
  ],
  "standardize": true,
  "scaler": {
    "mean": [
      -0.01843258242692247,
      -0.01775468387805519,
      -0.005249442365551446,
      0.028067170072927264,
      0.020270007655377325
    ],
    "std": [
      0.9983488398887161,
      1.0181144665634159,
      1.036482917193815,
      0.9369142817053061,
      0.9869093497125894
    ]
  },
  "best_epoch": 9,
  "best_val_loss": 0.2895863980054855,
  "test_metrics": {
    "mse": 0.34335362911224365,
    "rmse": 0.585963846250128,
    "mae": 0.434194952249527
  },
  "trained_at": "20251204_220809"
}